"Step","Subfolder","File","Line","AssetPath"
"5","Data","Config\DefaultEngine.ini","59","/Game/BluePrints/Data/ML_Ob_MacroLibrary"
"5","Data","Config\DefaultEngine.ini","59","/Game/Blueprints/Data/ML_Ob_MacroLibrary"
"5","Data","Config\DefaultEngine.ini","60","/Game/Blueprints/Data/ML_A_MacroLibrary"
"5","Data","Config\DefaultEngine.ini","60","/Game/BluePrints/Data/ML_A_MacroLibrary"
"5","Data","Config\DefaultEngine.ini","61","/Game/BluePrints/Data/BP_FunctionLibrary"
"5","Data","Config\DefaultEngine.ini","61","/Game/Blueprints/Data/BP_FunctionLibrary"
"4","GameModes","Config\DefaultEngine.ini","17","/Game/BluePrints/GameModes/BP_PickPackerGameMode.BP_PickPackerGameMode_C"
"7","GamePlay","Config\DefaultEngine.ini","66","/Game/Blueprints/GamePlay/AC_CallAction"
"7","GamePlay","Config\DefaultEngine.ini","66","/Game/BluePrints/GamePlay/AC_CallAction"
"7","GamePlay","Config\DefaultEngine.ini","67","/Game/Blueprints/GamePlay/BP_RobotHend"
"7","GamePlay","Config\DefaultEngine.ini","67","/Game/BluePrints/GamePlay/BP_RobotHend"
"3","HUD","Source\Pickpacker\Components\InteractionComponent.cpp","48","/Game/BluePrints/HUD/WBP_Interaction"
"3","HUD","Source\Pickpacker\PlayerController\BlasterPlayerController.cpp","341","/Game/BluePrints/HUD/WBP_PickpackerHUD.WBP_PickpackerHUD_C"
"1","Inputs","Source\Pickpacker\Character\BlasterCharacter.cpp","639","/Game/BluePrints/Inputs/IMC_MainGameInputs.IMC_MainGameInputs"
"1","Inputs","Source\Pickpacker\Character\BlasterCharacter.cpp","75","/Game/BluePrints/Inputs/IMC_MainGameInputs.IMC_MainGameInputs"
"1","Inputs","Source\Pickpacker\PlayerController\BlasterPlayerController.cpp","178","/Game/BluePrints/Inputs/IA_OpenPauseMenu.IA_OpenPauseMenu"
"1","Inputs","Source\Pickpacker\PlayerController\BlasterPlayerController.cpp","185","/Game/BluePrints/Inputs/IA_OpenLobbyMenu.IA_OpenLobbyMenu"
"1","Inputs","Source\Pickpacker\PlayerController\BlasterPlayerController.cpp","192","/Game/BluePrints/Inputs/IA_OpenPanel.IA_OpenPanel"
"1","Inputs","Source\Pickpacker\PlayerController\BlasterPlayerController.cpp","221","/Game/BluePrints/Inputs/IA_OpenPauseMenu.IA_OpenPauseMenu"
"1","Inputs","Source\Pickpacker\PlayerController\BlasterPlayerController.cpp","225","/Game/BluePrints/Inputs/IA_OpenLobbyMenu.IA_OpenLobbyMenu"
"1","Inputs","Source\Pickpacker\PlayerController\BlasterPlayerController.cpp","229","/Game/BluePrints/Inputs/IA_OpenPanel.IA_OpenPanel"
"19","Pawn","Config\DefaultEngine.ini","62","/Game/BluePrints/Pawn/ThirdPersonCharacter"
"19","Pawn","Config\DefaultEngine.ini","62","/Game/Blueprints/Pawn/ThirdPersonCharacter"
"6","RenderTarget","Config\DefaultEngine.ini","63","/Game/Blueprints/RenderTarget/RT_DroneCamera"
"6","RenderTarget","Config\DefaultEngine.ini","63","/Game/BluePrints/RenderTarget/RT_DroneCamera"
"6","RenderTarget","Config\DefaultGame.ini","116","/Game/BluePrints/RenderTarget"
"2","UI","Config\DefaultEngine.ini","64","/Game/BluePrints/UI/W_Crane"
"2","UI","Config\DefaultEngine.ini","64","/Game/Blueprints/UI/W_Crane"
"2","UI","Config\DefaultEngine.ini","65","/Game/Blueprints/UI/W_Drone"
"2","UI","Config\DefaultEngine.ini","65","/Game/BluePrints/UI/W_Drone"
"2","UI","Config\DefaultEngine.ini","68","/Game/BluePrints/UI/W_HitPoint"
"2","UI","Config\DefaultEngine.ini","68","/Game/Blueprints/UI/W_HitPoint"
"2","UI","Config\DefaultEngine.ini","69","/Game/BluePrints/UI/W_OutCar"
"2","UI","Config\DefaultEngine.ini","69","/Game/Blueprints/UI/W_OutCar"
"2","UI","Source\Pickpacker\PlayerController\BlasterPlayerController.cpp","1631","/Game/BluePrints/UI/WBP_NPCDialogue.WBP_NPCDialogue_C"
"2","UI","Source\Pickpacker\PlayerController\BlasterPlayerController.cpp","199","/Game/BluePrints/UI/WBP_LoadingScreen"
"2","UI","Source\Pickpacker\PlayerController\BlasterPlayerController.cpp","206","/Game/BluePrints/UI/WBP_LobbyMenu"
"2","UI","Source\Pickpacker\PlayerController\BlasterPlayerController.cpp","233","/Game/BluePrints/UI/WBP_LoadingScreen.WBP_LoadingScreen_C"
"2","UI","Source\Pickpacker\PlayerController\BlasterPlayerController.cpp","237","/Game/BluePrints/UI/WBP_LobbyMenu.WBP_LobbyMenu_C"
"2","UI","Source\Pickpacker\UI\NPCDialogueWidget.cpp","171","/Game/BluePrints/UI/WBP_NPCDialogueChoice.WBP_NPCDialogueChoice_C"
