"Root","AssetPath","File","Line"
"Assets","/Game/Assets/Meshes/Robot/AB_IK_RobotArm","Config\DefaultEngine.ini","70"
"Assets","/Game/Assets/Meshes/Robot/AM_RobotArm","Config\DefaultEngine.ini","71"
"Assets","/Game/Assets/Meshes/Robot/M_RobotArm","Config\DefaultEngine.ini","72"
"Assets","/Game/Assets/Meshes/Robot/SK_RoboArm04","Config\DefaultEngine.ini","73"
"Assets","/Game/Assets/Meshes/Robot/SM_RoboArm04_Separate_Parts_SM_Roboarm04_004","Config\DefaultEngine.ini","74"
"Assets","/Game/Assets/Meshes/Robot/AB_IK_RobotArm.AB_IK_RobotArm_C","Config\DefaultEngine.ini","83"
"BluePrints","/Game/BluePrints/GameModes/BP_PickPackerGameMode.BP_PickPackerGameMode_C","Config\DefaultEngine.ini","17"
"BluePrints","/Game/BluePrints/Data/ML_Ob_MacroLibrary","Config\DefaultEngine.ini","59"
"Blueprints","/Game/Blueprints/Data/ML_Ob_MacroLibrary","Config\DefaultEngine.ini","59"
"BluePrints","/Game/BluePrints/Data/ML_A_MacroLibrary","Config\DefaultEngine.ini","60"
"Blueprints","/Game/Blueprints/Data/ML_A_MacroLibrary","Config\DefaultEngine.ini","60"
"BluePrints","/Game/BluePrints/Data/BP_FunctionLibrary","Config\DefaultEngine.ini","61"
"Blueprints","/Game/Blueprints/Data/BP_FunctionLibrary","Config\DefaultEngine.ini","61"
"BluePrints","/Game/BluePrints/Pawn/ThirdPersonCharacter","Config\DefaultEngine.ini","62"
"Blueprints","/Game/Blueprints/Pawn/ThirdPersonCharacter","Config\DefaultEngine.ini","62"
"BluePrints","/Game/BluePrints/RenderTarget/RT_DroneCamera","Config\DefaultEngine.ini","63"
"Blueprints","/Game/Blueprints/RenderTarget/RT_DroneCamera","Config\DefaultEngine.ini","63"
"Blueprints","/Game/Blueprints/UI/W_Crane","Config\DefaultEngine.ini","64"
"BluePrints","/Game/BluePrints/UI/W_Crane","Config\DefaultEngine.ini","64"
"BluePrints","/Game/BluePrints/UI/W_Drone","Config\DefaultEngine.ini","65"
"Blueprints","/Game/Blueprints/UI/W_Drone","Config\DefaultEngine.ini","65"
"Blueprints","/Game/Blueprints/GamePlay/AC_CallAction","Config\DefaultEngine.ini","66"
"BluePrints","/Game/BluePrints/GamePlay/AC_CallAction","Config\DefaultEngine.ini","66"
"BluePrints","/Game/BluePrints/GamePlay/BP_RobotHend","Config\DefaultEngine.ini","67"
"Blueprints","/Game/Blueprints/GamePlay/BP_RobotHend","Config\DefaultEngine.ini","67"
"BluePrints","/Game/BluePrints/UI/W_HitPoint","Config\DefaultEngine.ini","68"
"Blueprints","/Game/Blueprints/UI/W_HitPoint","Config\DefaultEngine.ini","68"
"BluePrints","/Game/BluePrints/UI/W_OutCar","Config\DefaultEngine.ini","69"
"Blueprints","/Game/Blueprints/UI/W_OutCar","Config\DefaultEngine.ini","69"
"BluePrints","/Game/BluePrints/RenderTarget","Config\DefaultGame.ini","116"
"BluePrints","/Game/BluePrints/Inputs/IMC_MainGameInputs.IMC_MainGameInputs","Source\Pickpacker\Character\BlasterCharacter.cpp","75"
"BluePrints","/Game/BluePrints/Inputs/IMC_MainGameInputs.IMC_MainGameInputs","Source\Pickpacker\Character\BlasterCharacter.cpp","639"
"BluePrints","/Game/BluePrints/HUD/WBP_Interaction","Source\Pickpacker\Components\InteractionComponent.cpp","48"
"BluePrints","/Game/BluePrints/Inputs/IA_OpenPauseMenu.IA_OpenPauseMenu","Source\Pickpacker\PlayerController\BlasterPlayerController.cpp","178"
"BluePrints","/Game/BluePrints/Inputs/IA_OpenLobbyMenu.IA_OpenLobbyMenu","Source\Pickpacker\PlayerController\BlasterPlayerController.cpp","185"
"BluePrints","/Game/BluePrints/Inputs/IA_OpenPanel.IA_OpenPanel","Source\Pickpacker\PlayerController\BlasterPlayerController.cpp","192"
"BluePrints","/Game/BluePrints/UI/WBP_LoadingScreen","Source\Pickpacker\PlayerController\BlasterPlayerController.cpp","199"
"BluePrints","/Game/BluePrints/UI/WBP_LobbyMenu","Source\Pickpacker\PlayerController\BlasterPlayerController.cpp","206"
"BluePrints","/Game/BluePrints/Inputs/IA_OpenPauseMenu.IA_OpenPauseMenu","Source\Pickpacker\PlayerController\BlasterPlayerController.cpp","221"
"BluePrints","/Game/BluePrints/Inputs/IA_OpenLobbyMenu.IA_OpenLobbyMenu","Source\Pickpacker\PlayerController\BlasterPlayerController.cpp","225"
"BluePrints","/Game/BluePrints/Inputs/IA_OpenPanel.IA_OpenPanel","Source\Pickpacker\PlayerController\BlasterPlayerController.cpp","229"
"BluePrints","/Game/BluePrints/UI/WBP_LoadingScreen.WBP_LoadingScreen_C","Source\Pickpacker\PlayerController\BlasterPlayerController.cpp","233"
"BluePrints","/Game/BluePrints/UI/WBP_LobbyMenu.WBP_LobbyMenu_C","Source\Pickpacker\PlayerController\BlasterPlayerController.cpp","237"
"BluePrints","/Game/BluePrints/HUD/WBP_PickpackerHUD.WBP_PickpackerHUD_C","Source\Pickpacker\PlayerController\BlasterPlayerController.cpp","341"
"BluePrints","/Game/BluePrints/UI/WBP_NPCDialogue.WBP_NPCDialogue_C","Source\Pickpacker\PlayerController\BlasterPlayerController.cpp","1631"
"BluePrints","/Game/BluePrints/UI/WBP_NPCDialogueChoice.WBP_NPCDialogueChoice_C","Source\Pickpacker\UI\NPCDialogueWidget.cpp","171"
"EasyGameUI","/Game/EasyGameUI/EasyInputPrompts/Datas/DataTables/DT_InputsPrompts_MouseKeyboard.DT_InputsPrompts_MouseKeyboard","Config\DefaultGame.ini","6"
"Maps","/Game/Maps/GameStartupMap.GameStartupMap","Config\DefaultEngine.ini","6"
"Maps","/Game/Maps/TransitionMap.TransitionMap","Config\DefaultEngine.ini","8"
"Maps","/Game/Maps/GameStartupMap.GameStartupMap","Config\DefaultEngine.ini","15"
"Maps","/Game/Maps/GameStartupMap.GameStartupMap","Config\DefaultEngine.ini","16"
"Maps","/Game/Maps/GameStartupMap","Config\DefaultGame.ini","110"
"Maps","/Game/Maps/Lobby","Config\DefaultGame.ini","111"
"Maps","/Game/Maps/IndustralMap","Config\DefaultGame.ini","112"
"Maps","/Game/Maps/ElevatorEndingMap","Config\DefaultGame.ini","113"
"Maps","/Game/Maps/TransitionMap","Config\DefaultGame.ini","114"
"Maps","/Game/Maps/Section/ControlRoom","Config\DefaultGame.ini","115"
"Maps","/Game/Maps/EntryMap","Source\Pickpacker\Components\EscapeProgressComponent.h","125"
"Maps","/Game/Maps/EntryMap","Source\Pickpacker\GameMode\EndingGameMode.h","69"
"Maps","/Game/Maps/Lobby","Source\Pickpacker\GameMode\LobbyGameMode.cpp","148"
"Maps","/Game/Maps/","Source\Pickpacker\GameMode\LobbyGameMode.cpp","152"
"Maps","/Game/Maps/EntryMap","Source\Pickpacker\GameMode\LobbyGameMode.h","59"
"Maps","/Game/Maps/IndustralMap","Source\Pickpacker\GameMode\LobbyGameMode.h","71"
"Maps","/Game/Maps/EntryMap","Source\Pickpacker\GameMode\PickpackerGameMode.h","254"
"Materials","/Game/Materials/MI_Tire","Config\DefaultEngine.ini","58"
"Materials","/Game/Materials/MI_Tire_2","Config\DefaultEngine.ini","58"
"Meshes","/Game/Meshes/Robot/AB_IK_RobotArm","Config\DefaultEngine.ini","70"
"Meshes","/Game/Meshes/Robot/AM_RobotArm","Config\DefaultEngine.ini","71"
"Meshes","/Game/Meshes/Robot/M_RobotArm","Config\DefaultEngine.ini","72"
"Meshes","/Game/Meshes/Robot/SK_RoboArm04","Config\DefaultEngine.ini","73"
"Meshes","/Game/Meshes/Robot/SM_RoboArm04_Separate_Parts_SM_Roboarm04_004","Config\DefaultEngine.ini","74"
"Meshes","/Game/Meshes/Robot/AB_IK_RobotArm.AB_IK_RobotArm_C","Config\DefaultEngine.ini","83"
"StorageHouse","/Game/StorageHouse/Textures/T_CeilingA_A","Config\DefaultEngine.ini","75"
"StorageHouse","/Game/StorageHouse/Textures/T_CeilingA_D","Config\DefaultEngine.ini","75"
"StorageHouse","/Game/StorageHouse/Textures/T_CeilingA_C","Config\DefaultEngine.ini","76"
"StorageHouse","/Game/StorageHouse/Textures/T_CeilingA_ORM","Config\DefaultEngine.ini","76"
"StorageHouse","/Game/StorageHouse/Textures/T_CeilingA_D","Config\DefaultEngine.ini","77"
"StorageHouse","/Game/StorageHouse/Textures/T_CeilingA_ORM","Config\DefaultEngine.ini","78"
"StorageHouse","/Game/StorageHouse/Textures/T_CeilingA_A.T_CeilingA_A","Config\DefaultEngine.ini","79"
"StorageHouse","/Game/StorageHouse/Textures/T_CeilingA_D.T_CeilingA_D","Config\DefaultEngine.ini","79"
"StorageHouse","/Game/StorageHouse/Textures/T_CeilingA_C.T_CeilingA_C","Config\DefaultEngine.ini","80"
"StorageHouse","/Game/StorageHouse/Textures/T_CeilingA_ORM.T_CeilingA_ORM","Config\DefaultEngine.ini","80"
"StorageHouse","/Game/StorageHouse/Textures/T_CeilingA_D.T_CeilingA_D","Config\DefaultEngine.ini","81"
"StorageHouse","/Game/StorageHouse/Textures/T_CeilingA_ORM.T_CeilingA_ORM","Config\DefaultEngine.ini","82"
"Warehouse_Storage","/Game/Warehouse_Storage/Textures/T_CeilingA_A","Config\DefaultEngine.ini","77"
"Warehouse_Storage","/Game/Warehouse_Storage/Textures/T_CeilingA_C","Config\DefaultEngine.ini","78"
"Warehouse_Storage","/Game/Warehouse_Storage/Textures/T_CeilingA_A.T_CeilingA_A","Config\DefaultEngine.ini","81"
"Warehouse_Storage","/Game/Warehouse_Storage/Textures/T_CeilingA_C.T_CeilingA_C","Config\DefaultEngine.ini","82"
